<Anims>
 <anim name="BUILD_90s" root="swap_packagewand" numframes="950" framerate="40">
  <frame idx="0" w="422" h="1178" x="-40.008553" y="-383.882080">
   <element name="swap_packagewand" layername="timeline_0" frame="0" z_index="1" m_a="1.000000" m_b="0.000000" m_c="0.000000" m_d="1.000000" m_tx="-5.999948" m_ty="-69.000183"/>
  </frame>
  <frame idx="25" w="422" h="1169" x="-43.984383" y="-379.146393">
   <element name="swap_packagewand" layername="timeline_0" frame="0" z_index="1" m_a="1.000000" m_b="0.000000" m_c="0.000000" m_d="1.000000" m_tx="-9.975776" m_ty="-65.264496"/>
  </frame>
  <frame idx="50" w="422" h="1169" x="-43.984383" y="-379.146393">
   <element name="swap_packagewand" layername="timeline_0" frame="0" z_index="1" m_a="1.000000" m_b="0.000000" m_c="0.000000" m_d="1.000000" m_tx="-9.975776" m_ty="-65.264496"/>
  </frame>
  <frame idx="75" w="422" h="1169" x="-43.984383" y="-379.146393">
   <element name="swap_packagewand" layername="timeline_0" frame="0" z_index="1" m_a="1.000000" m_b="0.000000" m_c="0.000000" m_d="1.000000" m_tx="-9.975776" m_ty="-65.264496"/>
  </frame>
  <frame idx="100" w="422" h="1169" x="-43.984383" y="-379.146393">
   <element name="swap_packagewand" layername="timeline_0" frame="0" z_index="1" m_a="1.000000" m_b="0.000000" m_c="0.000000" m_d="1.000000" m_tx="-9.975776" m_ty="-65.264496"/>
  </frame>
  <frame idx="125" w="422" h="1169" x="-43.984383" y="-379.146393">
   <element name="swap_packagewand" layername="timeline_0" frame="0" z_index="1" m_a="1.000000" m_b="0.000000" m_c="0.000000" m_d="1.000000" m_tx="-9.975776" m_ty="-65.264496"/>
  </frame>
  <frame idx="150" w="422" h="1169" x="-43.984383" y="-379.146393">
   <element name="swap_packagewand" layername="timeline_0" frame="0" z_index="1" m_a="1.000000" m_b="0.000000" m_c="0.000000" m_d="1.000000" m_tx="-9.975776" m_ty="-65.264496"/>
  </frame>
  <frame idx="175" w="422" h="1169" x="-43.984383" y="-379.146393">
   <element name="swap_packagewand" layername="timeline_0" frame="0" z_index="1" m_a="1.000000" m_b="0.000000" m_c="0.000000" m_d="1.000000" m_tx="-9.975776" m_ty="-65.264496"/>
  </frame>
  <frame idx="200" w="422" h="1169" x="-43.984383" y="-379.146393">
   <element name="swap_packagewand" layername="timeline_0" frame="0" z_index="1" m_a="1.000000" m_b="0.000000" m_c="0.000000" m_d="1.000000" m_tx="-9.975776" m_ty="-65.264496"/>
  </frame>
  <frame idx="225" w="422" h="1169" x="-43.984383" y="-379.146393">
   <element name="swap_packagewand" layername="timeline_0" frame="0" z_index="1" m_a="1.000000" m_b="0.000000" m_c="0.000000" m_d="1.000000" m_tx="-9.975776" m_ty="-65.264496"/>
  </frame>
  <frame idx="250" w="422" h="1169" x="-43.984383" y="-379.146393">
   <element name="swap_packagewand" layername="timeline_0" frame="0" z_index="1" m_a="1.000000" m_b="0.000000" m_c="0.000000" m_d="1.000000" m_tx="-9.975776" m_ty="-65.264496"/>
  </frame>
  <frame idx="275" w="422" h="1169" x="-43.984383" y="-379.146393">
   <element name="swap_packagewand" layername="timeline_0" frame="0" z_index="1" m_a="1.000000" m_b="0.000000" m_c="0.000000" m_d="1.000000" m_tx="-9.975776" m_ty="-65.264496"/>
  </frame>
  <frame idx="300" w="422" h="1169" x="-43.984383" y="-379.146393">
   <element name="swap_packagewand" layername="timeline_0" frame="0" z_index="1" m_a="1.000000" m_b="0.000000" m_c="0.000000" m_d="1.000000" m_tx="-9.975776" m_ty="-65.264496"/>
  </frame>
  <frame idx="325" w="422" h="1169" x="-43.984383" y="-379.146393">
   <element name="swap_packagewand" layername="timeline_0" frame="0" z_index="1" m_a="1.000000" m_b="0.000000" m_c="0.000000" m_d="1.000000" m_tx="-9.975776" m_ty="-65.264496"/>
  </frame>
  <frame idx="350" w="422" h="1169" x="-43.984383" y="-379.146393">
   <element name="swap_packagewand" layername="timeline_0" frame="0" z_index="1" m_a="1.000000" m_b="0.000000" m_c="0.000000" m_d="1.000000" m_tx="-9.975776" m_ty="-65.264496"/>
  </frame>
  <frame idx="375" w="422" h="1169" x="-43.984383" y="-379.146393">
   <element name="swap_packagewand" layername="timeline_0" frame="0" z_index="1" m_a="1.000000" m_b="0.000000" m_c="0.000000" m_d="1.000000" m_tx="-9.975776" m_ty="-65.264496"/>
  </frame>
  <frame idx="400" w="422" h="1169" x="-43.984383" y="-379.146393">
   <element name="swap_packagewand" layername="timeline_0" frame="0" z_index="1" m_a="1.000000" m_b="0.000000" m_c="0.000000" m_d="1.000000" m_tx="-9.975776" m_ty="-65.264496"/>
  </frame>
  <frame idx="425" w="422" h="1169" x="-43.984383" y="-379.146393">
   <element name="swap_packagewand" layername="timeline_0" frame="0" z_index="1" m_a="1.000000" m_b="0.000000" m_c="0.000000" m_d="1.000000" m_tx="-9.975776" m_ty="-65.264496"/>
  </frame>
  <frame idx="450" w="422" h="1169" x="-43.984383" y="-379.146393">
   <element name="swap_packagewand" layername="timeline_0" frame="0" z_index="1" m_a="1.000000" m_b="0.000000" m_c="0.000000" m_d="1.000000" m_tx="-9.975776" m_ty="-65.264496"/>
  </frame>
  <frame idx="475" w="422" h="1169" x="-43.984383" y="-379.146393">
   <element name="swap_packagewand" layername="timeline_0" frame="0" z_index="1" m_a="1.000000" m_b="0.000000" m_c="0.000000" m_d="1.000000" m_tx="-9.975776" m_ty="-65.264496"/>
  </frame>
  <frame idx="500" w="422" h="1169" x="-43.984383" y="-379.146393">
   <element name="swap_packagewand" layername="timeline_0" frame="0" z_index="1" m_a="1.000000" m_b="0.000000" m_c="0.000000" m_d="1.000000" m_tx="-9.975776" m_ty="-65.264496"/>
  </frame>
  <frame idx="525" w="422" h="1169" x="-43.984383" y="-379.146393">
   <element name="swap_packagewand" layername="timeline_0" frame="0" z_index="1" m_a="1.000000" m_b="0.000000" m_c="0.000000" m_d="1.000000" m_tx="-9.975776" m_ty="-65.264496"/>
  </frame>
  <frame idx="550" w="422" h="1169" x="-43.984383" y="-379.146393">
   <element name="swap_packagewand" layername="timeline_0" frame="0" z_index="1" m_a="1.000000" m_b="0.000000" m_c="0.000000" m_d="1.000000" m_tx="-9.975776" m_ty="-65.264496"/>
  </frame>
  <frame idx="575" w="422" h="1169" x="-43.984383" y="-379.146393">
   <element name="swap_packagewand" layername="timeline_0" frame="0" z_index="1" m_a="1.000000" m_b="0.000000" m_c="0.000000" m_d="1.000000" m_tx="-9.975776" m_ty="-65.264496"/>
  </frame>
  <frame idx="600" w="422" h="1169" x="-43.984383" y="-379.146393">
   <element name="swap_packagewand" layername="timeline_0" frame="0" z_index="1" m_a="1.000000" m_b="0.000000" m_c="0.000000" m_d="1.000000" m_tx="-9.975776" m_ty="-65.264496"/>
  </frame>
  <frame idx="625" w="422" h="1169" x="-43.984383" y="-379.146393">
   <element name="swap_packagewand" layername="timeline_0" frame="0" z_index="1" m_a="1.000000" m_b="0.000000" m_c="0.000000" m_d="1.000000" m_tx="-9.975776" m_ty="-65.264496"/>
  </frame>
  <frame idx="650" w="422" h="1169" x="-43.984383" y="-379.146393">
   <element name="swap_packagewand" layername="timeline_0" frame="0" z_index="1" m_a="1.000000" m_b="0.000000" m_c="0.000000" m_d="1.000000" m_tx="-9.975776" m_ty="-65.264496"/>
  </frame>
  <frame idx="675" w="422" h="1169" x="-43.984383" y="-379.146393">
   <element name="swap_packagewand" layername="timeline_0" frame="0" z_index="1" m_a="1.000000" m_b="0.000000" m_c="0.000000" m_d="1.000000" m_tx="-9.975776" m_ty="-65.264496"/>
  </frame>
  <frame idx="700" w="422" h="1169" x="-43.984383" y="-379.146393">
   <element name="swap_packagewand" layername="timeline_0" frame="0" z_index="1" m_a="1.000000" m_b="0.000000" m_c="0.000000" m_d="1.000000" m_tx="-9.975776" m_ty="-65.264496"/>
  </frame>
  <frame idx="725" w="422" h="1169" x="-43.984383" y="-379.146393">
   <element name="swap_packagewand" layername="timeline_0" frame="0" z_index="1" m_a="1.000000" m_b="0.000000" m_c="0.000000" m_d="1.000000" m_tx="-9.975776" m_ty="-65.264496"/>
  </frame>
  <frame idx="750" w="422" h="1169" x="-43.984383" y="-379.146393">
   <element name="swap_packagewand" layername="timeline_0" frame="0" z_index="1" m_a="1.000000" m_b="0.000000" m_c="0.000000" m_d="1.000000" m_tx="-9.975776" m_ty="-65.264496"/>
  </frame>
  <frame idx="775" w="422" h="1169" x="-43.984383" y="-379.146393">
   <element name="swap_packagewand" layername="timeline_0" frame="0" z_index="1" m_a="1.000000" m_b="0.000000" m_c="0.000000" m_d="1.000000" m_tx="-9.975776" m_ty="-65.264496"/>
  </frame>
  <frame idx="800" w="422" h="1169" x="-43.984383" y="-379.146393">
   <element name="swap_packagewand" layername="timeline_0" frame="0" z_index="1" m_a="1.000000" m_b="0.000000" m_c="0.000000" m_d="1.000000" m_tx="-9.975776" m_ty="-65.264496"/>
  </frame>
  <frame idx="825" w="422" h="1169" x="-43.984383" y="-379.146393">
   <element name="swap_packagewand" layername="timeline_0" frame="0" z_index="1" m_a="1.000000" m_b="0.000000" m_c="0.000000" m_d="1.000000" m_tx="-9.975776" m_ty="-65.264496"/>
  </frame>
  <frame idx="850" w="422" h="1169" x="-43.984383" y="-379.146393">
   <element name="swap_packagewand" layername="timeline_0" frame="0" z_index="1" m_a="1.000000" m_b="0.000000" m_c="0.000000" m_d="1.000000" m_tx="-9.975776" m_ty="-65.264496"/>
  </frame>
  <frame idx="875" w="422" h="1169" x="-43.984383" y="-379.146393">
   <element name="swap_packagewand" layername="timeline_0" frame="0" z_index="1" m_a="1.000000" m_b="0.000000" m_c="0.000000" m_d="1.000000" m_tx="-9.975776" m_ty="-65.264496"/>
  </frame>
  <frame idx="900" w="422" h="1169" x="-43.984383" y="-379.146393">
   <element name="swap_packagewand" layername="timeline_0" frame="0" z_index="1" m_a="1.000000" m_b="0.000000" m_c="0.000000" m_d="1.000000" m_tx="-9.975776" m_ty="-65.264496"/>
  </frame>
  <frame idx="925" w="422" h="1169" x="-43.984383" y="-379.146393">
   <element name="swap_packagewand" layername="timeline_0" frame="0" z_index="1" m_a="1.000000" m_b="0.000000" m_c="0.000000" m_d="1.000000" m_tx="-9.975776" m_ty="-65.264496"/>
  </frame>
 </anim>
</Anims>
