<Anims>
 <anim name="idle" root="xiaohua_fish" numframes="1000" framerate="40">
  <frame idx="0" w="154" h="192" x="-13.000000" y="-48.000000">
   <element name="xiaohua_fish" layername="timeline_0" frame="0" z_index="0" m_a="1.000000" m_b="0.000000" m_c="0.000000" m_d="1.000000" m_tx="0.000000" m_ty="0.000000"/>
  </frame>
  <frame idx="25" w="154" h="194" x="-13.000000" y="-49.250000">
   <element name="xiaohua_fish" layername="timeline_0" frame="0" z_index="0" m_a="1.000000" m_b="0.000000" m_c="0.000000" m_d="1.000000" m_tx="0.000000" m_ty="-0.750000"/>
  </frame>
  <frame idx="50" w="154" h="195" x="-13.000000" y="-50.000000">
   <element name="xiaohua_fish" layername="timeline_0" frame="0" z_index="0" m_a="1.000000" m_b="0.000000" m_c="0.000000" m_d="1.000000" m_tx="0.000000" m_ty="-1.500000"/>
  </frame>
  <frame idx="75" w="154" h="196" x="-13.000000" y="-50.721153">
   <element name="xiaohua_fish" layername="timeline_0" frame="0" z_index="0" m_a="1.000000" m_b="0.000000" m_c="0.000000" m_d="1.000000" m_tx="0.000000" m_ty="-2.221154"/>
  </frame>
  <frame idx="100" w="154" h="196" x="-13.000000" y="-51.500000">
   <element name="xiaohua_fish" layername="timeline_0" frame="0" z_index="0" m_a="1.000000" m_b="0.000000" m_c="0.000000" m_d="1.000000" m_tx="0.000000" m_ty="-3.000000"/>
  </frame>
  <frame idx="125" w="154" h="197" x="-13.000000" y="-52.250000">
   <element name="xiaohua_fish" layername="timeline_0" frame="0" z_index="0" m_a="1.000000" m_b="0.000000" m_c="0.000000" m_d="1.000000" m_tx="0.000000" m_ty="-3.750000"/>
  </frame>
  <frame idx="150" w="154" h="199" x="-13.000000" y="-53.500000">
   <element name="xiaohua_fish" layername="timeline_0" frame="0" z_index="0" m_a="1.000000" m_b="0.000000" m_c="0.000000" m_d="1.000000" m_tx="0.000000" m_ty="-4.500000"/>
  </frame>
  <frame idx="175" w="154" h="200" x="-13.000000" y="-54.250000">
   <element name="xiaohua_fish" layername="timeline_0" frame="0" z_index="0" m_a="1.000000" m_b="0.000000" m_c="0.000000" m_d="1.000000" m_tx="0.000000" m_ty="-5.250000"/>
  </frame>
  <frame idx="200" w="154" h="200" x="-13.000000" y="-55.000000">
   <element name="xiaohua_fish" layername="timeline_0" frame="0" z_index="0" m_a="1.000000" m_b="0.000000" m_c="0.000000" m_d="1.000000" m_tx="0.000000" m_ty="-6.000000"/>
  </frame>
  <frame idx="225" w="154" h="201" x="-13.000000" y="-55.750000">
   <element name="xiaohua_fish" layername="timeline_0" frame="0" z_index="0" m_a="1.000000" m_b="0.000000" m_c="0.000000" m_d="1.000000" m_tx="0.000000" m_ty="-6.750000"/>
  </frame>
  <frame idx="250" w="154" h="202" x="-13.000000" y="-56.500000">
   <element name="xiaohua_fish" layername="timeline_0" frame="0" z_index="0" m_a="1.000000" m_b="0.000000" m_c="0.000000" m_d="1.000000" m_tx="0.000000" m_ty="-7.500000"/>
  </frame>
  <frame idx="275" w="154" h="203" x="-13.000000" y="-57.250000">
   <element name="xiaohua_fish" layername="timeline_0" frame="0" z_index="0" m_a="1.000000" m_b="0.000000" m_c="0.000000" m_d="1.000000" m_tx="0.000000" m_ty="-8.250000"/>
  </frame>
  <frame idx="300" w="154" h="203" x="-13.000000" y="-58.000000">
   <element name="xiaohua_fish" layername="timeline_0" frame="0" z_index="0" m_a="1.000000" m_b="0.000000" m_c="0.000000" m_d="1.000000" m_tx="0.000000" m_ty="-9.000000"/>
  </frame>
  <frame idx="325" w="154" h="205" x="-13.000000" y="-59.250000">
   <element name="xiaohua_fish" layername="timeline_0" frame="0" z_index="0" m_a="1.000000" m_b="0.000000" m_c="0.000000" m_d="1.000000" m_tx="0.000000" m_ty="-9.750000"/>
  </frame>
  <frame idx="350" w="154" h="206" x="-13.000000" y="-59.971153">
   <element name="xiaohua_fish" layername="timeline_0" frame="0" z_index="0" m_a="1.000000" m_b="0.000000" m_c="0.000000" m_d="1.000000" m_tx="0.000000" m_ty="-10.471154"/>
  </frame>
  <frame idx="375" w="154" h="207" x="-13.000000" y="-60.720001">
   <element name="xiaohua_fish" layername="timeline_0" frame="0" z_index="0" m_a="1.000000" m_b="0.000000" m_c="0.000000" m_d="1.000000" m_tx="0.000000" m_ty="-11.220000"/>
  </frame>
  <frame idx="400" w="154" h="207" x="-13.000000" y="-61.470001">
   <element name="xiaohua_fish" layername="timeline_0" frame="0" z_index="0" m_a="1.000000" m_b="0.000000" m_c="0.000000" m_d="1.000000" m_tx="0.000000" m_ty="-11.970000"/>
  </frame>
  <frame idx="425" w="154" h="208" x="-13.000000" y="-62.220001">
   <element name="xiaohua_fish" layername="timeline_0" frame="0" z_index="0" m_a="1.000000" m_b="0.000000" m_c="0.000000" m_d="1.000000" m_tx="0.000000" m_ty="-12.720000"/>
  </frame>
  <frame idx="450" w="154" h="209" x="-13.000000" y="-62.970001">
   <element name="xiaohua_fish" layername="timeline_0" frame="0" z_index="0" m_a="1.000000" m_b="0.000000" m_c="0.000000" m_d="1.000000" m_tx="0.000000" m_ty="-13.470000"/>
  </frame>
  <frame idx="475" w="154" h="211" x="-13.000000" y="-64.220001">
   <element name="xiaohua_fish" layername="timeline_0" frame="0" z_index="0" m_a="1.000000" m_b="0.000000" m_c="0.000000" m_d="1.000000" m_tx="0.000000" m_ty="-14.220000"/>
  </frame>
  <frame idx="500" w="154" h="211" x="-13.000000" y="-64.970001">
   <element name="xiaohua_fish" layername="timeline_0" frame="0" z_index="0" m_a="1.000000" m_b="0.000000" m_c="0.000000" m_d="1.000000" m_tx="0.000000" m_ty="-14.970000"/>
  </frame>
  <frame idx="525" w="154" h="211" x="-13.000000" y="-64.279999">
   <element name="xiaohua_fish" layername="timeline_0" frame="0" z_index="0" m_a="1.000000" m_b="0.000000" m_c="0.000000" m_d="1.000000" m_tx="0.000000" m_ty="-14.280000"/>
  </frame>
  <frame idx="550" w="154" h="209" x="-13.000000" y="-63.029999">
   <element name="xiaohua_fish" layername="timeline_0" frame="0" z_index="0" m_a="1.000000" m_b="0.000000" m_c="0.000000" m_d="1.000000" m_tx="0.000000" m_ty="-13.530000"/>
  </frame>
  <frame idx="575" w="154" h="208" x="-13.000000" y="-62.279999">
   <element name="xiaohua_fish" layername="timeline_0" frame="0" z_index="0" m_a="1.000000" m_b="0.000000" m_c="0.000000" m_d="1.000000" m_tx="0.000000" m_ty="-12.780000"/>
  </frame>
  <frame idx="600" w="154" h="208" x="-13.000000" y="-61.529999">
   <element name="xiaohua_fish" layername="timeline_0" frame="0" z_index="0" m_a="1.000000" m_b="0.000000" m_c="0.000000" m_d="1.000000" m_tx="0.000000" m_ty="-12.030000"/>
  </frame>
  <frame idx="625" w="154" h="207" x="-13.000000" y="-60.779999">
   <element name="xiaohua_fish" layername="timeline_0" frame="0" z_index="0" m_a="1.000000" m_b="0.000000" m_c="0.000000" m_d="1.000000" m_tx="0.000000" m_ty="-11.280000"/>
  </frame>
  <frame idx="650" w="154" h="206" x="-13.000000" y="-60.029999">
   <element name="xiaohua_fish" layername="timeline_0" frame="0" z_index="0" m_a="1.000000" m_b="0.000000" m_c="0.000000" m_d="1.000000" m_tx="0.000000" m_ty="-10.530000"/>
  </frame>
  <frame idx="675" w="154" h="205" x="-13.000000" y="-59.279999">
   <element name="xiaohua_fish" layername="timeline_0" frame="0" z_index="0" m_a="1.000000" m_b="0.000000" m_c="0.000000" m_d="1.000000" m_tx="0.000000" m_ty="-9.780000"/>
  </frame>
  <frame idx="700" w="154" h="205" x="-13.000000" y="-58.529999">
   <element name="xiaohua_fish" layername="timeline_0" frame="0" z_index="0" m_a="1.000000" m_b="0.000000" m_c="0.000000" m_d="1.000000" m_tx="0.000000" m_ty="-9.030000"/>
  </frame>
  <frame idx="725" w="154" h="203" x="-13.000000" y="-57.279999">
   <element name="xiaohua_fish" layername="timeline_0" frame="0" z_index="0" m_a="1.000000" m_b="0.000000" m_c="0.000000" m_d="1.000000" m_tx="0.000000" m_ty="-8.280000"/>
  </frame>
  <frame idx="750" w="154" h="202" x="-13.000000" y="-56.529999">
   <element name="xiaohua_fish" layername="timeline_0" frame="0" z_index="0" m_a="1.000000" m_b="0.000000" m_c="0.000000" m_d="1.000000" m_tx="0.000000" m_ty="-7.530000"/>
  </frame>
  <frame idx="775" w="154" h="201" x="-13.000000" y="-55.779999">
   <element name="xiaohua_fish" layername="timeline_0" frame="0" z_index="0" m_a="1.000000" m_b="0.000000" m_c="0.000000" m_d="1.000000" m_tx="0.000000" m_ty="-6.780000"/>
  </frame>
  <frame idx="800" w="154" h="201" x="-13.000000" y="-55.029999">
   <element name="xiaohua_fish" layername="timeline_0" frame="0" z_index="0" m_a="1.000000" m_b="0.000000" m_c="0.000000" m_d="1.000000" m_tx="0.000000" m_ty="-6.030000"/>
  </frame>
  <frame idx="825" w="154" h="200" x="-13.000000" y="-54.279999">
   <element name="xiaohua_fish" layername="timeline_0" frame="0" z_index="0" m_a="1.000000" m_b="0.000000" m_c="0.000000" m_d="1.000000" m_tx="0.000000" m_ty="-5.280000"/>
  </frame>
  <frame idx="850" w="154" h="199" x="-13.000000" y="-53.529999">
   <element name="xiaohua_fish" layername="timeline_0" frame="0" z_index="0" m_a="1.000000" m_b="0.000000" m_c="0.000000" m_d="1.000000" m_tx="0.000000" m_ty="-4.530000"/>
  </frame>
  <frame idx="875" w="154" h="197" x="-13.000000" y="-52.279999">
   <element name="xiaohua_fish" layername="timeline_0" frame="0" z_index="0" m_a="1.000000" m_b="0.000000" m_c="0.000000" m_d="1.000000" m_tx="0.000000" m_ty="-3.780000"/>
  </frame>
  <frame idx="900" w="154" h="197" x="-13.000000" y="-51.529999">
   <element name="xiaohua_fish" layername="timeline_0" frame="0" z_index="0" m_a="1.000000" m_b="0.000000" m_c="0.000000" m_d="1.000000" m_tx="0.000000" m_ty="-3.030000"/>
  </frame>
  <frame idx="925" w="154" h="196" x="-13.000000" y="-50.779999">
   <element name="xiaohua_fish" layername="timeline_0" frame="0" z_index="0" m_a="1.000000" m_b="0.000000" m_c="0.000000" m_d="1.000000" m_tx="0.000000" m_ty="-2.280000"/>
  </frame>
  <frame idx="950" w="154" h="195" x="-13.000000" y="-50.029999">
   <element name="xiaohua_fish" layername="timeline_0" frame="0" z_index="0" m_a="1.000000" m_b="0.000000" m_c="0.000000" m_d="1.000000" m_tx="0.000000" m_ty="-1.530000"/>
  </frame>
  <frame idx="975" w="154" h="194" x="-13.000000" y="-49.279999">
   <element name="xiaohua_fish" layername="timeline_0" frame="0" z_index="0" m_a="1.000000" m_b="0.000000" m_c="0.000000" m_d="1.000000" m_tx="0.000000" m_ty="-0.780000"/>
  </frame>
 </anim>
</Anims>
