<Anims>
 <anim name="idle" root="packagething" numframes="1000" framerate="40">
  <frame idx="0" w="192" h="93" x="-11.503824" y="-19.151567">
   <element name="packagething" layername="timeline_0" frame="0" z_index="0" m_a="0.610412" m_b="0.000000" m_c="0.000000" m_d="0.525604" m_tx="-75.467796" m_ty="-41.636600"/>
  </frame>
  <frame idx="25" w="192" h="93" x="-11.503824" y="-19.151567">
   <element name="packagething" layername="timeline_0" frame="0" z_index="0" m_a="0.610412" m_b="0.000000" m_c="0.000000" m_d="0.525604" m_tx="-75.467796" m_ty="-41.636600"/>
  </frame>
  <frame idx="50" w="192" h="93" x="-11.503824" y="-19.151567">
   <element name="packagething" layername="timeline_0" frame="0" z_index="0" m_a="0.610412" m_b="0.000000" m_c="0.000000" m_d="0.525604" m_tx="-75.467796" m_ty="-41.636600"/>
  </frame>
  <frame idx="75" w="192" h="93" x="-11.503824" y="-19.151567">
   <element name="packagething" layername="timeline_0" frame="0" z_index="0" m_a="0.610412" m_b="0.000000" m_c="0.000000" m_d="0.525604" m_tx="-75.467796" m_ty="-41.636600"/>
  </frame>
  <frame idx="100" w="192" h="93" x="-11.503824" y="-19.151567">
   <element name="packagething" layername="timeline_0" frame="0" z_index="0" m_a="0.610412" m_b="0.000000" m_c="0.000000" m_d="0.525604" m_tx="-75.467796" m_ty="-41.636600"/>
  </frame>
  <frame idx="125" w="192" h="93" x="-11.503824" y="-19.151567">
   <element name="packagething" layername="timeline_0" frame="0" z_index="0" m_a="0.610412" m_b="0.000000" m_c="0.000000" m_d="0.525604" m_tx="-75.467796" m_ty="-41.636600"/>
  </frame>
  <frame idx="150" w="192" h="93" x="-11.503824" y="-19.151567">
   <element name="packagething" layername="timeline_0" frame="0" z_index="0" m_a="0.610412" m_b="0.000000" m_c="0.000000" m_d="0.525604" m_tx="-75.467796" m_ty="-41.636600"/>
  </frame>
  <frame idx="175" w="192" h="93" x="-11.503824" y="-19.151567">
   <element name="packagething" layername="timeline_0" frame="0" z_index="0" m_a="0.610412" m_b="0.000000" m_c="0.000000" m_d="0.525604" m_tx="-75.467796" m_ty="-41.636600"/>
  </frame>
  <frame idx="200" w="192" h="93" x="-11.503824" y="-19.151567">
   <element name="packagething" layername="timeline_0" frame="0" z_index="0" m_a="0.610412" m_b="0.000000" m_c="0.000000" m_d="0.525604" m_tx="-75.467796" m_ty="-41.636600"/>
  </frame>
  <frame idx="225" w="192" h="93" x="-11.503824" y="-19.151567">
   <element name="packagething" layername="timeline_0" frame="0" z_index="0" m_a="0.610412" m_b="0.000000" m_c="0.000000" m_d="0.525604" m_tx="-75.467796" m_ty="-41.636600"/>
  </frame>
  <frame idx="250" w="192" h="93" x="-11.503824" y="-19.151567">
   <element name="packagething" layername="timeline_0" frame="0" z_index="0" m_a="0.610412" m_b="0.000000" m_c="0.000000" m_d="0.525604" m_tx="-75.467796" m_ty="-41.636600"/>
  </frame>
  <frame idx="275" w="192" h="93" x="-11.503824" y="-19.151567">
   <element name="packagething" layername="timeline_0" frame="0" z_index="0" m_a="0.610412" m_b="0.000000" m_c="0.000000" m_d="0.525604" m_tx="-75.467796" m_ty="-41.636600"/>
  </frame>
  <frame idx="300" w="192" h="93" x="-11.503824" y="-19.151567">
   <element name="packagething" layername="timeline_0" frame="0" z_index="0" m_a="0.610412" m_b="0.000000" m_c="0.000000" m_d="0.525604" m_tx="-75.467796" m_ty="-41.636600"/>
  </frame>
  <frame idx="325" w="192" h="93" x="-11.503824" y="-19.151567">
   <element name="packagething" layername="timeline_0" frame="0" z_index="0" m_a="0.610412" m_b="0.000000" m_c="0.000000" m_d="0.525604" m_tx="-75.467796" m_ty="-41.636600"/>
  </frame>
  <frame idx="350" w="192" h="93" x="-11.503824" y="-19.151567">
   <element name="packagething" layername="timeline_0" frame="0" z_index="0" m_a="0.610412" m_b="0.000000" m_c="0.000000" m_d="0.525604" m_tx="-75.467796" m_ty="-41.636600"/>
  </frame>
  <frame idx="375" w="192" h="93" x="-11.503824" y="-19.151567">
   <element name="packagething" layername="timeline_0" frame="0" z_index="0" m_a="0.610412" m_b="0.000000" m_c="0.000000" m_d="0.525604" m_tx="-75.467796" m_ty="-41.636600"/>
  </frame>
  <frame idx="400" w="192" h="93" x="-11.503824" y="-19.151567">
   <element name="packagething" layername="timeline_0" frame="0" z_index="0" m_a="0.610412" m_b="0.000000" m_c="0.000000" m_d="0.525604" m_tx="-75.467796" m_ty="-41.636600"/>
  </frame>
  <frame idx="425" w="192" h="93" x="-11.503824" y="-19.151567">
   <element name="packagething" layername="timeline_0" frame="0" z_index="0" m_a="0.610412" m_b="0.000000" m_c="0.000000" m_d="0.525604" m_tx="-75.467796" m_ty="-41.636600"/>
  </frame>
  <frame idx="450" w="192" h="93" x="-11.503824" y="-19.151567">
   <element name="packagething" layername="timeline_0" frame="0" z_index="0" m_a="0.610412" m_b="0.000000" m_c="0.000000" m_d="0.525604" m_tx="-75.467796" m_ty="-41.636600"/>
  </frame>
  <frame idx="475" w="192" h="93" x="-11.503824" y="-19.151567">
   <element name="packagething" layername="timeline_0" frame="0" z_index="0" m_a="0.610412" m_b="0.000000" m_c="0.000000" m_d="0.525604" m_tx="-75.467796" m_ty="-41.636600"/>
  </frame>
  <frame idx="500" w="192" h="93" x="-11.503824" y="-19.151567">
   <element name="packagething" layername="timeline_0" frame="0" z_index="0" m_a="0.610412" m_b="0.000000" m_c="0.000000" m_d="0.525604" m_tx="-75.467796" m_ty="-41.636600"/>
  </frame>
  <frame idx="525" w="192" h="93" x="-11.503824" y="-19.151567">
   <element name="packagething" layername="timeline_0" frame="0" z_index="0" m_a="0.610412" m_b="0.000000" m_c="0.000000" m_d="0.525604" m_tx="-75.467796" m_ty="-41.636600"/>
  </frame>
  <frame idx="550" w="192" h="93" x="-11.503824" y="-19.151567">
   <element name="packagething" layername="timeline_0" frame="0" z_index="0" m_a="0.610412" m_b="0.000000" m_c="0.000000" m_d="0.525604" m_tx="-75.467796" m_ty="-41.636600"/>
  </frame>
  <frame idx="575" w="192" h="93" x="-11.503824" y="-19.151567">
   <element name="packagething" layername="timeline_0" frame="0" z_index="0" m_a="0.610412" m_b="0.000000" m_c="0.000000" m_d="0.525604" m_tx="-75.467796" m_ty="-41.636600"/>
  </frame>
  <frame idx="600" w="192" h="93" x="-11.503824" y="-19.151567">
   <element name="packagething" layername="timeline_0" frame="0" z_index="0" m_a="0.610412" m_b="0.000000" m_c="0.000000" m_d="0.525604" m_tx="-75.467796" m_ty="-41.636600"/>
  </frame>
  <frame idx="625" w="192" h="93" x="-11.503824" y="-19.151567">
   <element name="packagething" layername="timeline_0" frame="0" z_index="0" m_a="0.610412" m_b="0.000000" m_c="0.000000" m_d="0.525604" m_tx="-75.467796" m_ty="-41.636600"/>
  </frame>
  <frame idx="650" w="192" h="93" x="-11.503824" y="-19.151567">
   <element name="packagething" layername="timeline_0" frame="0" z_index="0" m_a="0.610412" m_b="0.000000" m_c="0.000000" m_d="0.525604" m_tx="-75.467796" m_ty="-41.636600"/>
  </frame>
  <frame idx="675" w="192" h="93" x="-11.503824" y="-19.151567">
   <element name="packagething" layername="timeline_0" frame="0" z_index="0" m_a="0.610412" m_b="0.000000" m_c="0.000000" m_d="0.525604" m_tx="-75.467796" m_ty="-41.636600"/>
  </frame>
  <frame idx="700" w="192" h="93" x="-11.503824" y="-19.151567">
   <element name="packagething" layername="timeline_0" frame="0" z_index="0" m_a="0.610412" m_b="0.000000" m_c="0.000000" m_d="0.525604" m_tx="-75.467796" m_ty="-41.636600"/>
  </frame>
  <frame idx="725" w="192" h="93" x="-11.503824" y="-19.151567">
   <element name="packagething" layername="timeline_0" frame="0" z_index="0" m_a="0.610412" m_b="0.000000" m_c="0.000000" m_d="0.525604" m_tx="-75.467796" m_ty="-41.636600"/>
  </frame>
  <frame idx="750" w="192" h="93" x="-11.503824" y="-19.151567">
   <element name="packagething" layername="timeline_0" frame="0" z_index="0" m_a="0.610412" m_b="0.000000" m_c="0.000000" m_d="0.525604" m_tx="-75.467796" m_ty="-41.636600"/>
  </frame>
  <frame idx="775" w="192" h="93" x="-11.503824" y="-19.151567">
   <element name="packagething" layername="timeline_0" frame="0" z_index="0" m_a="0.610412" m_b="0.000000" m_c="0.000000" m_d="0.525604" m_tx="-75.467796" m_ty="-41.636600"/>
  </frame>
  <frame idx="800" w="192" h="93" x="-11.503824" y="-19.151567">
   <element name="packagething" layername="timeline_0" frame="0" z_index="0" m_a="0.610412" m_b="0.000000" m_c="0.000000" m_d="0.525604" m_tx="-75.467796" m_ty="-41.636600"/>
  </frame>
  <frame idx="825" w="192" h="93" x="-11.503824" y="-19.151567">
   <element name="packagething" layername="timeline_0" frame="0" z_index="0" m_a="0.610412" m_b="0.000000" m_c="0.000000" m_d="0.525604" m_tx="-75.467796" m_ty="-41.636600"/>
  </frame>
  <frame idx="850" w="192" h="93" x="-11.503824" y="-19.151567">
   <element name="packagething" layername="timeline_0" frame="0" z_index="0" m_a="0.610412" m_b="0.000000" m_c="0.000000" m_d="0.525604" m_tx="-75.467796" m_ty="-41.636600"/>
  </frame>
  <frame idx="875" w="192" h="93" x="-11.503824" y="-19.151567">
   <element name="packagething" layername="timeline_0" frame="0" z_index="0" m_a="0.610412" m_b="0.000000" m_c="0.000000" m_d="0.525604" m_tx="-75.467796" m_ty="-41.636600"/>
  </frame>
  <frame idx="900" w="192" h="93" x="-11.503824" y="-19.151567">
   <element name="packagething" layername="timeline_0" frame="0" z_index="0" m_a="0.610412" m_b="0.000000" m_c="0.000000" m_d="0.525604" m_tx="-75.467796" m_ty="-41.636600"/>
  </frame>
  <frame idx="925" w="192" h="93" x="-11.503824" y="-19.151567">
   <element name="packagething" layername="timeline_0" frame="0" z_index="0" m_a="0.610412" m_b="0.000000" m_c="0.000000" m_d="0.525604" m_tx="-75.467796" m_ty="-41.636600"/>
  </frame>
  <frame idx="950" w="192" h="93" x="-11.503824" y="-19.151567">
   <element name="packagething" layername="timeline_0" frame="0" z_index="0" m_a="0.610412" m_b="0.000000" m_c="0.000000" m_d="0.525604" m_tx="-75.467796" m_ty="-41.636600"/>
  </frame>
  <frame idx="975" w="192" h="93" x="-11.503824" y="-19.151567">
   <element name="packagething" layername="timeline_0" frame="0" z_index="0" m_a="0.610412" m_b="0.000000" m_c="0.000000" m_d="0.525604" m_tx="-75.467796" m_ty="-41.636600"/>
  </frame>
 </anim>
</Anims>
